-- MySQL dump 10.13  Distrib 8.0.22, for Win64 (x86_64)
--
-- Host: 127.0.0.1    Database: county_garden
-- ------------------------------------------------------
-- Server version	8.0.22

/*!40101 SET @OLD_CHARACTER_SET_CLIENT=@@CHARACTER_SET_CLIENT */;
/*!40101 SET @OLD_CHARACTER_SET_RESULTS=@@CHARACTER_SET_RESULTS */;
/*!40101 SET @OLD_COLLATION_CONNECTION=@@COLLATION_CONNECTION */;
/*!50503 SET NAMES utf8 */;
/*!40103 SET @OLD_TIME_ZONE=@@TIME_ZONE */;
/*!40103 SET TIME_ZONE='+00:00' */;
/*!40014 SET @OLD_UNIQUE_CHECKS=@@UNIQUE_CHECKS, UNIQUE_CHECKS=0 */;
/*!40014 SET @OLD_FOREIGN_KEY_CHECKS=@@FOREIGN_KEY_CHECKS, FOREIGN_KEY_CHECKS=0 */;
/*!40101 SET @OLD_SQL_MODE=@@SQL_MODE, SQL_MODE='NO_AUTO_VALUE_ON_ZERO' */;
/*!40111 SET @OLD_SQL_NOTES=@@SQL_NOTES, SQL_NOTES=0 */;

--
-- Table structure for table `adjusters`
--

DROP TABLE IF EXISTS `adjusters`;
/*!40101 SET @saved_cs_client     = @@character_set_client */;
/*!50503 SET character_set_client = utf8mb4 */;
CREATE TABLE `adjusters` (
  `adj_id` int NOT NULL,
  `name` varchar(45) DEFAULT NULL,
  PRIMARY KEY (`adj_id`)
) ENGINE=InnoDB DEFAULT CHARSET=utf8mb4 COLLATE=utf8mb4_0900_ai_ci;
/*!40101 SET character_set_client = @saved_cs_client */;

--
-- Dumping data for table `adjusters`
--

LOCK TABLES `adjusters` WRITE;
/*!40000 ALTER TABLE `adjusters` DISABLE KEYS */;
INSERT INTO `adjusters` VALUES (1,'Silvester Belfrage'),(2,'Freddy Garnsworthy'),(3,'Mellicent Trembath'),(4,'Tabb Deyes'),(5,'Dael Harold'),(6,'Fee Croci'),(7,'Ferrel Lackner'),(8,'Gisele Ambrois'),(9,'Hedwiga Aspray'),(10,'Emilee Attwood'),(11,'Adriena Townend'),(12,'Chilton Soda'),(13,'Blane Wenzel'),(14,'Irvine Grealish'),(15,'Gaylene Feare'),(16,'Gus Tongs'),(17,'Adolpho Bampforth'),(18,'Hinze Ebbers'),(19,'Cinda Filer'),(20,'Leshia Roder'),(21,'Johannah Diable'),(22,'Claudia Scotchmore'),(23,'Augustin Christophersen'),(24,'Murdock Ongin'),(25,'Josey Diss'),(26,'Mariejeanne Jeyness'),(27,'Karlis Masding'),(28,'Gram Champken'),(29,'Lyn Burner'),(30,'Fransisco Cockerton'),(31,'Shae Trundell'),(32,'Lenci Stookes'),(33,'Suki Wipper'),(34,'Tamiko Dellenty'),(35,'Gnni Michel'),(36,'Jerald Duley'),(37,'Agnesse Hazley'),(38,'Franciskus Colman'),(39,'Quentin Robrose'),(40,'Mattie Sibborn'),(41,'Xenos Macek'),(42,'Lula Rubin'),(43,'Marj Hayley'),(44,'Perl Sharpling'),(45,'Rey Elmer'),(46,'Jonah Baxill'),(47,'Krista Maeer'),(48,'Fitzgerald Alan'),(49,'Janie Worsnop'),(50,'Zeke Gallegos');
/*!40000 ALTER TABLE `adjusters` ENABLE KEYS */;
UNLOCK TABLES;

--
-- Table structure for table `agents`
--

DROP TABLE IF EXISTS `agents`;
/*!40101 SET @saved_cs_client     = @@character_set_client */;
/*!50503 SET character_set_client = utf8mb4 */;
CREATE TABLE `agents` (
  `agt_id` int NOT NULL,
  `name` varchar(45) DEFAULT NULL,
  PRIMARY KEY (`agt_id`)
) ENGINE=InnoDB DEFAULT CHARSET=utf8mb4 COLLATE=utf8mb4_0900_ai_ci;
/*!40101 SET character_set_client = @saved_cs_client */;

--
-- Dumping data for table `agents`
--

LOCK TABLES `agents` WRITE;
/*!40000 ALTER TABLE `agents` DISABLE KEYS */;
INSERT INTO `agents` VALUES (1,'Parsifal Chamberlaine'),(2,'Jerrylee Bolsover'),(3,'Moss Dives'),(4,'Cori Aymeric'),(5,'Filide MacGorley'),(6,'Ken Bollard'),(7,'Tawnya Darrel'),(8,'Hillary Brimmacombe'),(9,'Romona Salvin'),(10,'Larissa Swigger'),(11,'Juana Rhodef'),(12,'Berkeley Wiggins'),(13,'Nerissa Fewings'),(14,'Ulysses De Matteis'),(15,'Pierre Meran'),(16,'Garik Hing'),(17,'Idalia Tadlow'),(18,'Fleur Sherbourne'),(19,'Orlando Cattemull'),(20,'Mario Layburn'),(21,'Linnet De Giorgi'),(22,'Kippie Hyndson'),(23,'Gratia McQuillin'),(24,'Nicolais Jezard'),(25,'Latashia Atter'),(26,'Alessandro Pulver'),(27,'Marys Di Giacomettino'),(28,'Gabriele Berrycloth'),(29,'Catie Izaac'),(30,'Ursa Abdie'),(31,'Melony Bleby'),(32,'Emmeline Mc Trusty'),(33,'Hobart Geraldi'),(34,'Elianora Petkovic'),(35,'Lazaro McGaughey'),(36,'Clair Braley'),(37,'Roderigo Plante'),(38,'Ingram Harrismith'),(39,'Lynnea Cayle'),(40,'Gian Gayter'),(41,'Consuela Southcoat'),(42,'Amelie Copo'),(43,'Ardisj Waddams'),(44,'Sebastien Wahner'),(45,'Kaleena Lent'),(46,'Rivalee Widocks'),(47,'Janet Billingham'),(48,'Elfreda Concannon'),(49,'Urbain Gurko'),(50,'Barbabra Haye');
/*!40000 ALTER TABLE `agents` ENABLE KEYS */;
UNLOCK TABLES;

--
-- Table structure for table `claim_out_payment`
--

DROP TABLE IF EXISTS `claim_out_payment`;
/*!40101 SET @saved_cs_client     = @@character_set_client */;
/*!50503 SET character_set_client = utf8mb4 */;
CREATE TABLE `claim_out_payment` (
  `claim_id` int DEFAULT NULL,
  `name` varchar(128) DEFAULT NULL,
  `type` varchar(45) DEFAULT NULL,
  `email` varchar(128) DEFAULT NULL,
  `phone` int DEFAULT NULL,
  `amt` int DEFAULT NULL,
  KEY `claim_id_out_fk_idx` (`claim_id`),
  CONSTRAINT `claim_id_out_fk` FOREIGN KEY (`claim_id`) REFERENCES `claims` (`claim_id`)
) ENGINE=InnoDB DEFAULT CHARSET=utf8mb4 COLLATE=utf8mb4_0900_ai_ci;
/*!40101 SET character_set_client = @saved_cs_client */;

--
-- Dumping data for table `claim_out_payment`
--

LOCK TABLES `claim_out_payment` WRITE;
/*!40000 ALTER TABLE `claim_out_payment` DISABLE KEYS */;
/*!40000 ALTER TABLE `claim_out_payment` ENABLE KEYS */;
UNLOCK TABLES;

--
-- Table structure for table `claim_payment`
--

DROP TABLE IF EXISTS `claim_payment`;
/*!40101 SET @saved_cs_client     = @@character_set_client */;
/*!50503 SET character_set_client = utf8mb4 */;
CREATE TABLE `claim_payment` (
  `claim_id` int NOT NULL,
  `amt` varchar(45) DEFAULT NULL,
  PRIMARY KEY (`claim_id`),
  CONSTRAINT `claim_id_pay_fk` FOREIGN KEY (`claim_id`) REFERENCES `claims` (`claim_id`)
) ENGINE=InnoDB DEFAULT CHARSET=utf8mb4 COLLATE=utf8mb4_0900_ai_ci;
/*!40101 SET character_set_client = @saved_cs_client */;

--
-- Dumping data for table `claim_payment`
--

LOCK TABLES `claim_payment` WRITE;
/*!40000 ALTER TABLE `claim_payment` DISABLE KEYS */;
/*!40000 ALTER TABLE `claim_payment` ENABLE KEYS */;
UNLOCK TABLES;

--
-- Table structure for table `claims`
--

DROP TABLE IF EXISTS `claims`;
/*!40101 SET @saved_cs_client     = @@character_set_client */;
/*!50503 SET character_set_client = utf8mb4 */;
CREATE TABLE `claims` (
  `claim_id` int NOT NULL,
  `item_id` int DEFAULT NULL,
  `adj_id` int DEFAULT NULL,
  `agt_id` int DEFAULT NULL,
  `policy_id` int DEFAULT NULL,
  `event` varchar(45) DEFAULT NULL,
  `description` varchar(256) DEFAULT NULL,
  PRIMARY KEY (`claim_id`),
  KEY `item_id_claim_fk_idx` (`item_id`),
  KEY `adj_id_claim_fk_idx` (`adj_id`),
  KEY `agt_id_claim_fk_idx` (`agt_id`),
  KEY `policy_id_claim_fk_idx` (`policy_id`),
  CONSTRAINT `adj_id_claim_fk` FOREIGN KEY (`adj_id`) REFERENCES `adjusters` (`adj_id`),
  CONSTRAINT `agt_id_claim_fk` FOREIGN KEY (`agt_id`) REFERENCES `agents` (`agt_id`),
  CONSTRAINT `item_id_claim_fk` FOREIGN KEY (`item_id`) REFERENCES `items` (`item_id`),
  CONSTRAINT `policy_id_claim_fk` FOREIGN KEY (`policy_id`) REFERENCES `policies` (`policy_id`)
) ENGINE=InnoDB DEFAULT CHARSET=utf8mb4 COLLATE=utf8mb4_0900_ai_ci;
/*!40101 SET character_set_client = @saved_cs_client */;

--
-- Dumping data for table `claims`
--

LOCK TABLES `claims` WRITE;
/*!40000 ALTER TABLE `claims` DISABLE KEYS */;
INSERT INTO `claims` VALUES (1,184,7,43,96,'Car Crash','Head on collision'),(2,501,15,21,301,'Intergalactic space travel','Damage to space shields');
/*!40000 ALTER TABLE `claims` ENABLE KEYS */;
UNLOCK TABLES;

--
-- Table structure for table `covered`
--

DROP TABLE IF EXISTS `covered`;
/*!40101 SET @saved_cs_client     = @@character_set_client */;
/*!50503 SET character_set_client = utf8mb4 */;
CREATE TABLE `covered` (
  `item_id` int DEFAULT NULL,
  `policy_id` int DEFAULT NULL,
  KEY `policy_cov_id_fk_idx` (`policy_id`),
  KEY `item_cov_id_fk` (`item_id`),
  CONSTRAINT `item_cov_id_fk` FOREIGN KEY (`item_id`) REFERENCES `items` (`item_id`),
  CONSTRAINT `policy_cov_id_fk` FOREIGN KEY (`policy_id`) REFERENCES `policies` (`policy_id`)
) ENGINE=InnoDB DEFAULT CHARSET=utf8mb4 COLLATE=utf8mb4_0900_ai_ci;
/*!40101 SET character_set_client = @saved_cs_client */;

--
-- Dumping data for table `covered`
--

LOCK TABLES `covered` WRITE;
/*!40000 ALTER TABLE `covered` DISABLE KEYS */;
INSERT INTO `covered` VALUES (1,259),(2,161),(3,21),(4,78),(5,190),(6,23),(7,84),(8,296),(9,92),(10,235),(11,17),(12,52),(13,141),(14,139),(15,45),(16,289),(17,193),(18,84),(19,194),(20,195),(21,243),(22,111),(23,104),(24,269),(25,24),(26,189),(27,222),(28,162),(29,37),(30,196),(31,179),(32,99),(33,158),(34,102),(35,151),(36,88),(37,115),(38,82),(39,272),(40,16),(41,276),(42,149),(43,45),(44,39),(45,144),(46,62),(47,122),(48,39),(49,145),(50,155),(51,180),(52,114),(53,30),(54,287),(55,74),(56,158),(57,78),(58,255),(59,274),(60,212),(61,112),(62,97),(63,17),(64,39),(65,176),(66,102),(67,225),(68,153),(69,241),(70,110),(71,141),(72,59),(73,261),(74,75),(75,255),(76,184),(77,178),(78,30),(79,275),(80,180),(81,292),(82,48),(83,174),(84,299),(85,273),(86,69),(87,160),(88,155),(89,298),(90,250),(91,91),(92,85),(93,238),(94,82),(95,186),(96,71),(97,92),(98,213),(99,70),(100,141),(101,290),(102,224),(103,89),(104,214),(105,35),(106,132),(107,63),(108,251),(109,286),(110,255),(111,294),(112,149),(113,295),(114,134),(115,6),(116,30),(117,193),(118,247),(119,28),(120,88),(121,235),(122,117),(123,69),(124,225),(125,14),(126,276),(127,126),(128,170),(129,187),(130,28),(131,81),(132,187),(133,80),(134,110),(135,235),(136,130),(137,163),(138,192),(139,11),(140,3),(141,191),(142,112),(143,42),(144,64),(145,2),(146,187),(147,104),(148,78),(149,134),(150,10),(151,31),(152,257),(153,55),(154,227),(155,113),(156,116),(157,183),(158,46),(159,55),(160,121),(161,137),(162,222),(163,177),(164,120),(165,194),(166,11),(167,192),(168,165),(169,31),(170,130),(171,93),(172,79),(173,157),(174,150),(175,250),(176,249),(177,115),(178,172),(179,236),(180,179),(181,106),(182,145),(183,243),(184,96),(185,258),(186,232),(187,46),(188,272),(189,204),(190,120),(191,300),(192,236),(193,290),(194,92),(195,104),(196,54),(197,220),(198,234),(199,264),(200,216),(201,95),(202,297),(203,276),(204,228),(205,82),(206,59),(207,254),(208,189),(209,230),(210,179),(211,219),(212,245),(213,251),(214,176),(215,285),(216,97),(217,172),(218,39),(219,59),(220,250),(221,210),(222,29),(223,246),(224,79),(225,34),(226,71),(227,13),(228,172),(229,185),(230,240),(231,174),(232,37),(233,224),(234,214),(235,15),(236,138),(237,37),(238,41),(239,122),(240,106),(241,165),(242,88),(243,278),(244,224),(245,216),(246,174),(247,41),(248,64),(249,228),(250,182),(251,142),(252,270),(253,107),(254,13),(255,290),(256,16),(257,63),(258,175),(259,185),(260,219),(261,242),(262,217),(263,153),(264,1),(265,246),(266,275),(267,25),(268,192),(269,17),(270,144),(271,287),(272,169),(273,281),(274,257),(275,46),(276,19),(277,67),(278,124),(279,281),(280,197),(281,184),(282,249),(283,188),(284,79),(285,276),(286,105),(287,108),(288,227),(289,91),(290,247),(291,262),(292,245),(293,205),(294,265),(295,228),(296,259),(297,232),(298,23),(299,282),(300,99),(301,57),(302,179),(303,203),(304,231),(305,30),(306,216),(307,85),(308,299),(309,193),(310,58),(311,64),(312,146),(313,51),(314,21),(315,167),(316,102),(317,233),(318,76),(319,205),(320,53),(321,296),(322,266),(323,192),(324,69),(325,16),(326,167),(327,288),(328,241),(329,135),(330,251),(331,69),(332,248),(333,74),(334,248),(335,33),(336,261),(337,152),(338,63),(339,280),(340,216),(341,58),(342,85),(343,68),(344,158),(345,252),(346,92),(347,48),(348,257),(349,154),(350,269),(351,287),(352,248),(353,171),(354,44),(355,151),(356,151),(357,56),(358,192),(359,185),(360,71),(361,180),(362,246),(363,229),(364,206),(365,13),(366,179),(367,18),(368,196),(369,73),(370,154),(371,107),(372,114),(373,137),(374,126),(375,145),(376,83),(377,136),(378,96),(379,153),(380,236),(381,268),(382,149),(383,288),(384,266),(385,200),(386,46),(387,213),(388,28),(389,208),(390,29),(391,124),(392,190),(393,294),(394,141),(395,289),(396,46),(397,123),(398,121),(399,68),(400,289),(401,202),(402,206),(403,193),(404,283),(405,148),(406,252),(407,6),(408,194),(409,105),(410,88),(411,68),(412,84),(413,80),(414,229),(415,190),(416,42),(417,115),(418,97),(419,279),(420,112),(421,21),(422,34),(423,180),(424,75),(425,58),(426,130),(427,184),(428,178),(429,153),(430,178),(431,89),(432,59),(433,297),(434,182),(435,19),(436,97),(437,201),(438,237),(439,10),(440,194),(441,42),(442,239),(443,243),(444,268),(445,62),(446,255),(447,199),(448,271),(449,262),(450,252),(451,275),(452,197),(453,272),(454,88),(455,154),(456,85),(457,246),(458,248),(459,122),(460,7),(461,299),(462,72),(463,192),(464,255),(465,283),(466,111),(467,160),(468,300),(469,5),(470,180),(471,66),(472,124),(473,99),(474,246),(475,171),(476,4),(477,239),(478,89),(479,147),(480,39),(481,235),(482,165),(483,289),(484,121),(485,244),(486,290),(487,133),(488,45),(489,18),(490,197),(491,184),(492,279),(493,112),(494,190),(495,194),(496,187),(497,223),(498,135),(499,243),(500,225),(501,301);
/*!40000 ALTER TABLE `covered` ENABLE KEYS */;
UNLOCK TABLES;

--
-- Table structure for table `customers`
--

DROP TABLE IF EXISTS `customers`;
/*!40101 SET @saved_cs_client     = @@character_set_client */;
/*!50503 SET character_set_client = utf8mb4 */;
CREATE TABLE `customers` (
  `cust_id` int NOT NULL,
  `name` varchar(64) DEFAULT NULL,
  `ssn` varchar(45) DEFAULT NULL,
  `bday` varchar(45) DEFAULT NULL,
  `agt_id` int DEFAULT NULL,
  `card_type` varchar(45) DEFAULT NULL,
  `card_number` bigint DEFAULT NULL,
  PRIMARY KEY (`cust_id`),
  KEY `agt_id_cust_fk_idx` (`agt_id`),
  CONSTRAINT `agt_id_cust_fk` FOREIGN KEY (`agt_id`) REFERENCES `agents` (`agt_id`)
) ENGINE=InnoDB DEFAULT CHARSET=utf8mb4 COLLATE=utf8mb4_0900_ai_ci;
/*!40101 SET character_set_client = @saved_cs_client */;

--
-- Dumping data for table `customers`
--

LOCK TABLES `customers` WRITE;
/*!40000 ALTER TABLE `customers` DISABLE KEYS */;
INSERT INTO `customers` VALUES (1,'Eunice Canavan','523-58-3731','11/30/1990',24,'americanexpress',374288372333285),(2,'Laural Owbrick','147-52-7787','5/14/1952',15,'visa',4017958330896),(3,'Rudiger Bevington','536-28-5792','6/4/1950',21,'visa',4017953644237995),(4,'Zorina Tumulty','333-46-8030','8/21/1969',39,'mastercard',5100146417993572),(5,'Damien Bartram','404-45-8963','3/20/1974',22,'americanexpress',348266742619685),(6,'Raf Walshaw','203-04-7004','2/19/1980',23,'americanexpress',374283806953782),(7,'Pammie Broxis','377-35-2409','12/16/1977',3,'visa',4697129842777002),(8,'Ninette Gristock','555-86-1189','9/7/1965',38,'mastercard',5010125042732562),(9,'Scot Bartocci','471-75-2821','12/1/2000',37,'americanexpress',374283761319698),(10,'Margret Pietasch','246-02-0305','8/13/1966',5,'mastercard',5100175318380910),(11,'Rickert Cloke','652-58-5451','2/9/1972',46,'mastercard',5002357639614503),(12,'Finlay Gounod','684-44-1359','11/14/1970',20,'visa',4493466513992007),(13,'Sheelah Duesberry','615-27-7940','11/21/1998',19,'mastercard',5010127298704519),(14,'Danya Hatliff','819-08-2890','8/6/1981',23,'visa',4118488875407122),(15,'Lorraine Golston','683-22-7234','10/6/1984',46,'mastercard',5118663959236525),(16,'Bradford McIlmorie','893-20-6526','2/29/1952',21,'visa',4041598578778645),(17,'Jamesy Blakebrough','413-87-7781','6/9/1974',40,'mastercard',5010126417099751),(18,'Lian Voyce','379-77-8917','4/16/1964',4,'visa',4131584507459946),(19,'Darell Scarman','104-18-6075','1/22/1987',27,'visa',4017950305144),(20,'Giulia Blaiklock','839-78-4439','9/24/1979',39,'americanexpress',374283548941921),(21,'Carena Dyett','289-54-0789','4/13/1970',35,'visa',4017959108171679),(22,'Pace Rydings','770-25-7628','6/2/1982',44,'mastercard',5002353827258146),(23,'Adeline Clewarth','546-74-7632','5/5/1958',31,'visa',4017954667374),(24,'Robinia Neame','420-45-8323','10/14/1950',26,'visa',4617914617426167),(25,'Phedra Jovis','482-21-3014','11/4/1982',45,'visa',4041379703382),(26,'Sergei Lorenzini','360-57-6157','10/13/1965',10,'mastercard',5010128290958343),(27,'Weylin Smiz','361-36-4634','7/10/1958',5,'americanexpress',344818378292650),(28,'Orel Lansbury','509-61-9683','10/6/1992',6,'mastercard',5100173456817983),(29,'Malissa Budd','329-20-1263','11/24/1988',35,'americanexpress',374283602176950),(30,'Raychel Ropkins','472-52-0120','7/27/1986',20,'mastercard',5524457730275193),(31,'Curran Gallgher','210-43-0885','11/12/1965',27,'americanexpress',374622415037943),(32,'Bobette MacDonogh','149-41-5345','6/26/1982',1,'mastercard',5100170445506560),(33,'Crawford Grinley','665-26-9791','10/10/1958',22,'visa',4043009654332),(34,'Sonny Slatter','310-51-3409','12/17/1956',46,'mastercard',5287354456229222),(35,'Clovis Janisson','556-11-7473','12/23/1977',49,'americanexpress',372301475606861),(36,'Halli Sedgemond','844-25-9537','8/31/1962',36,'mastercard',5007663816013830),(37,'Roley Remon','529-46-0851','12/5/1957',2,'mastercard',5007668046439176),(38,'Kat Copnar','177-48-1268','1/27/1967',17,'americanexpress',372848849118981),(39,'Cosme Edson','448-23-2193','9/18/1985',21,'visa',4628835622738857),(40,'Oona Rodolphe','227-35-7065','10/14/1967',8,'mastercard',5106919481414657),(41,'Inger Hay','528-04-6188','1/15/2000',30,'americanexpress',371620543926394),(42,'Daniella Tinan','537-20-6993','10/9/1987',46,'visa',4041595184315655),(43,'Kanya Easen','476-60-2284','5/18/2000',42,'visa',4041598939551),(44,'Atalanta McKyrrelly','685-59-8231','1/14/1970',50,'visa',4041378833826),(45,'Rici Willoughby','720-44-4221','9/27/1980',44,'visa',4017957503212940),(46,'Bab Johnes','220-48-7518','6/1/1998',15,'mastercard',5007662960141967),(47,'Aaron Bernardinelli','601-40-5667','8/9/2000',12,'mastercard',5515203278559494),(48,'Vivia Gerant','894-34-1764','4/1/1995',47,'mastercard',5108756354814391),(49,'Rawley Plowman','892-76-8564','9/7/1979',32,'mastercard',5126055749781169),(50,'Sherilyn Driver','651-68-1849','8/27/1982',35,'americanexpress',374283628638199),(51,'Aimil Dmtrovic','490-76-0965','12/30/1993',49,'americanexpress',340163782954916),(52,'Holly Wagner','281-39-9285','1/20/1988',36,'visa',4041374211118),(53,'Henrie McIndrew','622-27-5590','7/4/1956',8,'americanexpress',374622331160571),(54,'Shea Pellitt','133-37-6269','11/1/1951',34,'mastercard',5007661833090195),(55,'Goldi Falco','546-73-8090','4/3/1953',44,'visa',4968755462155210),(56,'Bambie Caberas','707-19-6260','4/10/1951',36,'visa',4017955553474),(57,'Robinson Dahlback','285-05-5693','3/14/1980',31,'mastercard',5002352757130556),(58,'Happy Youde','526-05-5053','12/13/1959',9,'mastercard',5297221872679991),(59,'Jeffy Grayling','788-58-5034','2/7/1994',24,'americanexpress',374782031280796),(60,'Leoline Matteuzzi','423-98-6585','12/10/1998',49,'mastercard',5100139223969431),(61,'Audi Carsey','157-64-7306','5/11/1994',47,'americanexpress',372301605755471),(62,'Gerome Barrim','567-81-5136','8/14/2001',31,'mastercard',5406385358552192),(63,'Pate McGorman','407-97-2754','6/16/1999',3,'visa',4008707484928),(64,'Germaine McMurrugh','644-98-3196','6/28/1973',38,'visa',4041592451918),(65,'Ahmad Brychan','302-54-5164','4/12/1994',11,'mastercard',5255050050136619),(66,'Mel Attoe','748-45-8269','6/9/1969',39,'visa',4535645644148353),(67,'Frederich Exon','369-88-3622','10/2/1997',48,'visa',4041377076005),(68,'Edik Dobkin','150-57-0277','7/5/1985',30,'visa',4041591191911),(69,'Putnem MacLaverty','729-16-7950','8/3/1996',37,'mastercard',5002356281036882),(70,'Marita Bisgrove','388-52-4049','4/10/1972',37,'americanexpress',374622388099003),(71,'Robb Adamou','142-93-5372','9/5/1985',13,'americanexpress',376992764050021),(72,'Jorey Pumfrett','786-20-7060','10/1/1975',50,'americanexpress',374283966505018),(73,'Stillmann Stonnell','429-22-7182','9/6/1967',13,'visa',4673094763795714),(74,'Savina Woodwing','870-10-7684','11/4/1952',47,'mastercard',5469593916713149),(75,'Halsy Maltman','124-28-3848','3/25/1962',33,'mastercard',5167842210311687),(76,'Rubia McIlriach','862-31-2752','4/15/1950',6,'mastercard',5007663783900456),(77,'Ryun Nickoles','418-29-9835','11/1/1974',28,'visa',4041596326083367),(78,'Olenolin Stoney','893-85-0720','3/9/1971',10,'mastercard',5100145924298152),(79,'Gui Schutze','643-91-4314','1/2/1985',37,'mastercard',5333162831629741),(80,'Dilan Pidgeley','851-18-1773','5/23/1952',26,'visa',4041376512510196),(81,'Pierrette Averay','502-68-5411','12/30/1985',17,'mastercard',5010125283771386),(82,'Nev Baden','543-67-7082','2/23/1983',6,'visa',4017959182311183),(83,'Shanon Crebott','106-84-4070','7/30/1963',45,'mastercard',5007661175973974),(84,'Kissee Pruvost','595-15-2177','2/19/1995',6,'visa',4511766609127881),(85,'Kerianne Denyukin','180-85-1761','7/21/1952',3,'americanexpress',376856607855849),(86,'Lavinie Reside','273-28-3465','1/13/1980',29,'americanexpress',374288556215209),(87,'Weston Radbourne','584-76-8805','12/15/1966',4,'americanexpress',344569542618102),(88,'Kaitlyn Glamart','234-83-7612','10/30/1952',12,'americanexpress',374288846588969),(89,'Hunter Munkley','338-13-5913','12/7/1987',50,'visa',4041375931391),(90,'Rochester Ollivier','647-53-6965','5/24/1966',29,'mastercard',5002359836789633),(91,'Toinette Purdy','707-85-2101','6/23/1970',18,'mastercard',5002355640297060),(92,'Kristan Falconer','243-43-3331','11/10/1992',8,'visa',4768177864939),(93,'Brenna Elnough','550-09-1150','6/14/1986',7,'mastercard',5107506260539462),(94,'Vergil Bosch','822-51-4594','8/17/1975',1,'visa',4041596530790),(95,'Gillie Hillam','354-46-4300','9/9/1992',11,'mastercard',5210436465752971),(96,'Jacquelin Dockery','561-59-2015','4/23/1977',45,'americanexpress',374288922084933),(97,'Kristo Cunliffe','154-99-8325','6/4/1970',29,'visa',4041594945489321),(98,'Dominik McGauhy','895-19-3196','8/5/1993',28,'visa',4041599497203),(99,'Margaret Hawkin','422-02-7884','11/8/1960',33,'visa',4041376765047953),(100,'Otes Kimblin','671-22-2608','4/24/1997',27,'mastercard',5007662182623164),(101,'Allina Chorley','179-48-8558','7/15/1952',30,'visa',4030854309040679),(102,'Ainslee Frazier','724-14-8211','4/28/1973',48,'mastercard',5108753709643195),(103,'Kora Grisley','111-01-9220','6/22/1987',29,'visa',4041595337007),(104,'Jamal Merrigan','670-29-2207','6/13/1993',20,'americanexpress',374622822888565),(105,'Issiah Nowland','296-65-4330','12/22/1986',20,'visa',4234712932384),(106,'Zeke Speere','215-67-1645','11/9/1993',19,'americanexpress',374283562770578),(107,'Trescha Laville','272-65-8171','5/24/1965',30,'mastercard',5597768180348088),(108,'Eimile Hall-Gough','341-56-0848','10/1/2000',27,'mastercard',5010128814352429),(109,'Jacquelin Musico','648-02-5737','5/13/1992',24,'visa',4797267930863984),(110,'Britteny Laffin','119-05-1592','10/13/1991',18,'visa',4041370001861822),(111,'Beatrice Kermitt','460-22-4803','10/30/1975',13,'mastercard',5108759004231354),(112,'Tabby Duckers','858-33-6609','10/12/1951',22,'americanexpress',374283663141448),(113,'Carola Klimpt','384-93-9188','8/4/1983',18,'visa',4041373860929714),(114,'Broddy Hriinchenko','706-75-6879','6/13/1982',39,'visa',4041591401479838),(115,'Francois Crosham','257-29-0629','2/13/1991',32,'visa',4116987142932),(116,'Cecelia Valance','766-81-4136','10/29/1992',41,'visa',4041379687403),(117,'Cherey Luckin','462-18-1415','8/13/1958',9,'visa',4041597893015),(118,'Ursa Tatterton','779-97-1209','3/27/1954',50,'mastercard',5457448191853108),(119,'Rea Gyrgorcewicx','546-41-1142','3/5/1959',43,'americanexpress',374283384957320),(120,'Karine Heugh','127-22-2972','12/26/1984',42,'americanexpress',376023800595629),(121,'Randall Doud','606-74-7753','6/18/1991',9,'visa',4041379755713),(122,'Lucia Pallis','521-38-7024','11/11/1960',31,'visa',4041376259470620),(123,'Aviva Boothe','792-79-5777','11/15/1959',13,'americanexpress',348474510297359),(124,'Cammy Buffham','766-85-4955','11/21/1970',34,'mastercard',5491503795289295),(125,'Judd Moscon','729-46-8517','6/20/2000',38,'americanexpress',374622651084351),(126,'Joleen Brisseau','219-30-3773','6/25/1966',36,'visa',4244412618242155),(127,'Loralie Howen','321-51-8412','9/5/1993',7,'mastercard',5002352822254829),(128,'Carlen Ancketill','833-84-1193','11/11/1969',2,'americanexpress',374622584895451),(129,'Gibby Livezey','827-02-6293','7/14/1998',25,'visa',4041594748022),(130,'Sandor Tetla','608-91-9031','12/16/1983',25,'mastercard',5108751658345903),(131,'Berta Klimes','680-89-4298','10/23/1951',8,'mastercard',5209617295611841),(132,'Guinna Fyfield','890-41-9763','3/2/1958',5,'americanexpress',372301538889686),(133,'Rosalinda Fidilis','538-15-8120','7/9/1998',40,'americanexpress',337941350713904),(134,'Abbot Crummy','126-58-3365','5/21/1951',15,'mastercard',5010126890024391),(135,'Willey Elden','394-95-3350','7/3/1980',25,'americanexpress',337941857475700),(136,'Cyb Godley','730-73-3645','6/30/1968',42,'americanexpress',374622982834722),(137,'Toby Stollsteimer','536-70-7726','10/27/1967',10,'americanexpress',337941057668567),(138,'Tabatha McLaverty','741-74-7183','5/13/1995',2,'americanexpress',374283828601237),(139,'Margaret Gyenes','184-94-8229','2/13/1967',4,'visa',4017954358305),(140,'Pasquale Rodger','848-80-2296','9/12/1971',26,'americanexpress',372301715921294),(141,'Brnaby Paget','572-54-2197','10/31/1960',49,'mastercard',5141903010571093),(142,'Alessandra Sutlieff','739-77-2744','1/29/1970',23,'visa',4041374139952941),(143,'Rozanne Ewell','758-81-9961','9/13/1953',26,'mastercard',5007663050539722),(144,'Millard Barby','734-65-8767','2/25/1951',32,'mastercard',5108757804635188),(145,'Ezmeralda MacCulloch','851-19-5184','1/13/1987',9,'mastercard',5108754063473245),(146,'Juliana Rossin','847-67-3886','9/5/1991',43,'visa',4017959462524),(147,'Viviana Torrijos','319-88-1525','12/19/1964',28,'mastercard',5100149326690693),(148,'Kaye Coopper','604-11-9095','10/24/1989',33,'visa',4041595850379258),(149,'Dawna McCuffie','569-22-2987','2/15/1998',17,'americanexpress',372301133317042),(150,'Bartlet Ashfull','186-51-0943','4/15/1977',11,'visa',4041377758027937),(151,'Kippar Gare','773-03-9100','11/22/1989',14,'visa',4146305899160),(152,'Algernon Emberton','725-95-6202','7/12/1963',40,'visa',4041599288155611),(153,'Robinet Vakhrushin','566-55-3411','11/3/1964',33,'americanexpress',344775321479851),(154,'Marylee Voase','762-48-5731','8/14/1950',40,'americanexpress',373435687650819),(155,'Tod Dishmon','742-99-0631','7/24/1970',35,'visa',4694556783302),(156,'Erminia Bonde','888-15-8362','11/13/1973',23,'visa',4017952969459),(157,'Tildy Hayley','512-78-9317','8/31/1967',5,'visa',4017951090789261),(158,'Gwenette Kertess','498-61-7093','10/8/1989',34,'americanexpress',374288940796567),(159,'Palmer Basnall','830-58-1604','6/28/1993',14,'mastercard',5007660620661648),(160,'Rufe Gettins','352-51-8417','3/15/1980',17,'visa',4017955996942106),(161,'Irene Idill','116-30-2911','5/5/1991',48,'visa',4041370047987),(162,'Gris Heads','455-95-4880','6/22/1995',18,'mastercard',5002358437603185),(163,'Ashien Francombe','382-96-1309','7/12/1987',16,'visa',4041373532597139),(164,'Damara Vaudre','203-83-2549','1/3/1993',28,'visa',4041590621439),(165,'Chicky Jorgensen','610-56-6828','2/7/1983',22,'mastercard',5100172412692407),(166,'Aharon Heigho','223-02-8103','2/6/1973',41,'visa',4041379532398931),(167,'Farly Brine','202-60-4193','4/4/1956',14,'mastercard',5443650716651951),(168,'Maryjane Albrooke','522-97-0189','3/22/1955',14,'visa',4041371334361472),(169,'Rose Bernardon','686-07-5768','1/18/1991',42,'visa',4041598434696601),(170,'Valentijn Cumo','613-71-7651','3/29/1975',7,'mastercard',5108759568485164),(171,'Desdemona Hugueville','410-82-4740','3/25/1973',3,'visa',4041594577516151),(172,'Lindsey Emlin','778-66-6987','11/21/1950',41,'visa',4041598319757593),(173,'Serge Oboy','669-86-0454','3/6/1958',25,'americanexpress',374622786539071),(174,'Bailie Tritton','215-70-1361','1/7/1980',47,'mastercard',5219792177204151),(175,'Hettie Evreux','497-39-5781','5/6/1957',38,'americanexpress',374622227068987),(176,'Myron Baddiley','380-36-8940','4/16/1971',21,'visa',4041599048766),(177,'Marnia Brody','552-10-6524','11/28/1976',34,'mastercard',5010125000293219),(178,'Thekla Cullnean','674-43-3400','5/6/1990',4,'americanexpress',372301915903043),(179,'Tome Chiverton','688-66-6549','9/24/1989',24,'mastercard',5100178783859756),(180,'Farlie Prestwich','703-97-3917','7/15/1975',10,'visa',4017951183748),(181,'Brooke Golightly','565-63-3767','8/6/1975',1,'americanexpress',374892010251096),(182,'Benjamin Pridie','614-82-0539','4/12/1972',32,'americanexpress',374622618599707),(183,'Shelby de Clerk','438-71-9176','10/4/1971',45,'americanexpress',374283114034481),(184,'Glynn Droogan','284-60-5573','7/24/1982',11,'visa',4769235389740270),(185,'Louisette Byrnes','104-47-8736','7/18/1985',19,'mastercard',5048378177068478),(186,'Nathaniel Drysdell','848-88-7470','7/15/1970',19,'visa',4041370471608497),(187,'Gillie Semarke','415-27-7096','6/20/1974',12,'visa',4041377460481364),(188,'Jessamyn Colnet','843-10-4129','6/8/1967',15,'americanexpress',343874516213018),(189,'Ashlin Pillington','896-70-5534','7/22/1997',16,'visa',4017959148048119),(190,'Quincy MacAlaster','665-45-9757','5/9/1992',48,'americanexpress',344286545711129),(191,'Juan Jeaneau','287-54-5664','12/3/1980',16,'visa',4041378645975700),(192,'Fredric Parker','605-04-3285','10/26/1993',7,'americanexpress',374622751811943),(193,'Willey Lett','219-44-3605','8/9/1988',41,'visa',4620966062489053),(194,'Clarance Pavlishchev','619-62-9259','6/4/1977',16,'americanexpress',371338010967581),(195,'Lockwood Teligin','322-01-6736','5/5/1986',1,'americanexpress',374288118367183),(196,'Gwynne Kettlestring','745-55-7422','2/16/1957',2,'visa',4921126790820287),(197,'Janel Trowsdale','758-02-3940','8/10/1979',44,'visa',4041370772955944),(198,'Hazlett Libbey','209-64-2437','4/7/1970',12,'mastercard',5156790503876382),(199,'Phillip Girke','155-50-0049','9/2/2001',43,'visa',4041595871807),(200,'Hoyt Steels','512-64-4020','12/29/1962',43,'mastercard',5225859556362462);
/*!40000 ALTER TABLE `customers` ENABLE KEYS */;
UNLOCK TABLES;

--
-- Table structure for table `dependents`
--

DROP TABLE IF EXISTS `dependents`;
/*!40101 SET @saved_cs_client     = @@character_set_client */;
/*!50503 SET character_set_client = utf8mb4 */;
CREATE TABLE `dependents` (
  `policy_id` int DEFAULT NULL,
  `name` varchar(128) DEFAULT NULL,
  KEY `policy_id_fk` (`policy_id`),
  CONSTRAINT `policy_id_fk` FOREIGN KEY (`policy_id`) REFERENCES `policies` (`policy_id`)
) ENGINE=InnoDB DEFAULT CHARSET=utf8mb4 COLLATE=utf8mb4_0900_ai_ci;
/*!40101 SET character_set_client = @saved_cs_client */;

--
-- Dumping data for table `dependents`
--

LOCK TABLES `dependents` WRITE;
/*!40000 ALTER TABLE `dependents` DISABLE KEYS */;
INSERT INTO `dependents` VALUES (131,'Gib Happs'),(275,'Cesya Adlam'),(283,'Moreen Jones'),(16,'Brunhilda Kobisch'),(113,'Tailor Fabler'),(124,'Ludwig Klouz'),(69,'Isahella D\'Acth'),(255,'Laurie Cranham'),(97,'Josefina Ogelbe'),(75,'Franklyn Luparti'),(86,'Mariquilla Basile'),(168,'Jamison Golding'),(128,'Nadean Scouler'),(118,'Isiahi Emeney'),(116,'Kennedy Thireau'),(34,'Ashely Caughte'),(119,'Malina Bever'),(224,'Lockwood Adriaens'),(35,'Ingamar Scholes'),(65,'Jewel Kittles'),(266,'Rycca Brandin'),(63,'Terese Jaqueme'),(251,'Kynthia Summergill'),(64,'Birgit Franciottoi'),(284,'Ailyn Yglesias'),(77,'Kingsly Wimsett'),(7,'Phebe Kochel'),(96,'Temp Grewes'),(233,'Guy Abramamov'),(238,'Lanita Dunrige'),(44,'Jessie Gatcliff'),(5,'Stirling Laugier'),(155,'Roderic Giffaut'),(247,'Jojo Torn'),(67,'Dionis Vankov'),(235,'Doyle Shand'),(280,'Margi Kassman'),(193,'Minette Zanini'),(254,'Nadine Montez'),(154,'Deeyn Chicotti'),(300,'Kelcie Hanstock'),(116,'Lindy Lipprose'),(232,'Thacher Casarili'),(47,'Rocky Dow'),(114,'Reta Smallthwaite'),(131,'Goldi Woolard'),(84,'Sidnee Elgee'),(99,'Pru Goracci'),(288,'Torr Thying'),(99,'Flossy Durdle'),(115,'Natalina Crann'),(44,'Kassi Sandells'),(102,'Ellwood Benninger'),(177,'Heda Ramelot'),(113,'Sheri Sandercock'),(70,'Heddie Buckthought'),(212,'Lolita MacTeague'),(271,'Darda Trorey'),(95,'Chicky Rubertelli'),(149,'Norri Finnemore'),(28,'Clair Grubey'),(126,'Eilis Cutford'),(9,'Rickie Millichap'),(103,'Wilow Gilogly'),(148,'Neile Dunkley'),(167,'Jessa Tommis'),(131,'Gussi Nicholl'),(200,'Garey Brychan'),(155,'Olivia Joffe'),(235,'Yettie Rigeby'),(114,'Fancie Flett'),(134,'Jerrold Johnke'),(175,'Gerhardine Lomath'),(2,'Gabbi Hammerstone'),(207,'Nerta Laborda'),(88,'Cam Rodolphe'),(40,'Pierre Helling'),(46,'Ambrosi Derycot'),(267,'Carri Gudyer'),(213,'Jerrome Rucklidge'),(223,'Ingaborg Beazleigh'),(266,'Meta Pemberton'),(295,'Leopold Grafton'),(41,'Roxi Crummie'),(163,'Ruby Kilby'),(267,'Mehetabel Volage'),(113,'Nanny Loude'),(192,'Cornell Eddis'),(170,'Rodie Witton'),(271,'Robbie Doge'),(222,'Zachery Millier'),(236,'Alicea Pollastro'),(37,'Dario Hearse'),(117,'Georgina Phifer'),(25,'Maximo Comelini'),(150,'Tommy Proger'),(265,'Barnie Towne'),(133,'Kacie Biggs'),(108,'Yolane Leatt'),(160,'Any Dagless'),(153,'Frederica Chanders'),(262,'Arv Mersey'),(116,'Kipp Coxhead'),(112,'Anthe Duley'),(95,'Shelly Brugsma'),(257,'Ingeberg Thirsk'),(166,'Antony Meehan'),(181,'Arri Diamond'),(47,'Dara Elvins'),(140,'Collie Milkin'),(298,'Phillis Lukacs'),(230,'Skipper Burchatt'),(182,'Malena Sheran'),(6,'Tremaine Lunck'),(28,'Jobey Fuggle'),(160,'Elfrieda Skryne'),(61,'Raviv Murdoch'),(237,'Chaddie Smeall'),(243,'Reeba Studdal'),(249,'Mattie Gabbidon'),(107,'Nickolaus Baily'),(100,'Jorge Rigg'),(93,'Gaye Wilkisson'),(294,'Boyd Sabattier'),(111,'Ralph Georgot'),(294,'Fidelio Duchant'),(6,'Tedi Eliot'),(131,'Cymbre Urquhart'),(53,'Burty Brunnen'),(189,'Frederique St. Quentin'),(241,'Teirtza Chatburn'),(258,'Skip Benardette'),(88,'Melosa Mullany'),(63,'Gayla Dewhirst'),(65,'Katlin Leaton'),(167,'Barron Lis'),(172,'Greer Cammack'),(205,'Elsey Pitone'),(29,'Demetre Rummings'),(50,'Alphonso Gailor'),(86,'Bendite Greenroad'),(69,'Trent Beardsell'),(79,'Tremayne Maddick'),(189,'Rock Ballchin'),(54,'Margeaux Keyworth'),(152,'Emmett Zuanazzi'),(288,'Grissel Simonite'),(21,'Owen Garmanson'),(251,'Alessandra Phizakarley'),(44,'Hal Bonwick'),(92,'Trescha Jays'),(286,'Haywood McAndrew'),(6,'Bentley Curgenven'),(103,'Melessa MacTeggart'),(130,'Jenda Broster'),(140,'Irv Keane'),(129,'Ulla Bauldry'),(286,'Quintin Manshaw'),(255,'Marsh Philo'),(50,'Christy Callacher'),(17,'Jaine Farens'),(250,'Munroe Baron'),(61,'Deloris Rown'),(58,'Jenilee Caulwell'),(187,'Carly Du Plantier'),(292,'Shayna Eakins'),(174,'Garth Soigne'),(260,'Vernice Schade'),(123,'Kaycee Maclean'),(159,'Alessandra Melton'),(135,'Ellissa Beidebeke'),(297,'Tracey Idill'),(184,'Gorden Goodwyn'),(78,'Maudie Kennett'),(97,'Augy Sambedge'),(101,'Murray Done'),(237,'Cally Dillimore'),(131,'Rogerio Girardin'),(162,'Anatola Petrelli'),(136,'Regine Breacher'),(268,'Deena Hagergham'),(274,'Bret Walkinshaw'),(67,'Barbara Emberton'),(129,'Dar Boggish'),(68,'Hector Pinney'),(92,'Bank Privett'),(221,'Lidia Persian'),(126,'Moyna Tommen'),(257,'Daisie Polding'),(103,'Mala Sussams'),(276,'Phebe Patman'),(130,'Vilma Kingett'),(225,'Kaile Rossey'),(188,'Elisabet McNirlan'),(156,'Babbette Brittian'),(6,'Alexandrina Mapstone'),(39,'Stillmann Stolberg'),(5,'Dulciana Lauderdale'),(252,'Binny Sexstone'),(45,'Gabi O\'Hederscoll'),(1,'Christina Bartelot'),(192,'Heddi Blindt'),(298,'Vince Marquet'),(236,'Dunstan Trace'),(245,'Caresa Simpson'),(3,'Jecho Faltin'),(239,'Fiona Rookledge'),(203,'Salvidor Birchill'),(136,'Dacia Trounson'),(154,'Margit Possa'),(157,'Clerissa Leteurtre'),(201,'Alika Jellico'),(271,'Stearn Abrahmson'),(7,'Jenilee Penelli'),(291,'Ashly Iggulden'),(260,'Melly Dobrovsky'),(220,'Darrin Blaszczak'),(128,'Hill Neising'),(37,'Cherey Bend'),(50,'Marshall Wanne'),(133,'Phedra Le Hucquet'),(28,'Garner Morse'),(150,'Lib Hakking'),(63,'Garald Medgewick'),(190,'Danette Gimbrett'),(223,'Eryn Carrigan'),(92,'Jehu Rowett'),(38,'Crista MacAvddy'),(212,'Ebony Clutterham'),(263,'Obed Gillbee'),(165,'Jedidiah Leidl'),(26,'Shepperd Hulls'),(166,'Bette-ann Upwood'),(258,'Felice Mowatt'),(21,'Eugenie Caunce'),(193,'Ellerey Swash'),(108,'Eudora Lorkins'),(41,'Britta Sclanders'),(289,'Somerset Etchell'),(209,'Rollo Burchill'),(176,'Aurelea Urey'),(215,'Darcy Lecointe'),(162,'Karoly Thripp'),(57,'Maurene Runchman'),(188,'Giralda Ellar'),(101,'Claudio Marney'),(81,'Walliw Chadd'),(215,'Margie Abelwhite'),(79,'Gradey Feye'),(166,'Netti Jeratt'),(18,'Verene Dunge'),(233,'Amargo Balden'),(272,'Leia Ainsworth'),(134,'Angelle Addington'),(128,'Aymer Hegerty'),(241,'Ruthi Chiommienti'),(260,'Babara Cockhill'),(117,'Artie Banks'),(78,'Hamnet Rosengart'),(195,'Elke Ascough'),(203,'Barbara-anne Simoncelli'),(153,'Selle Leaves'),(220,'Rafaelia Katt'),(122,'Jaymie Scimone'),(55,'Vally Borsnall'),(274,'Felita Twigge'),(195,'Gilli Cuxon'),(209,'Janeta Aiskrigg'),(191,'Amy Lunk'),(173,'Lukas Cooksey'),(105,'Ardella Sheilds'),(138,'Ann-marie Abrahamsen'),(150,'Diandra Elson'),(118,'Cacilia Perryman'),(95,'Kermie Locker'),(269,'Mauricio Brooksbie'),(80,'Gene Northleigh'),(258,'Sherwood Gimbrett'),(283,'Nessy Joscelin'),(158,'Shelley Coursor'),(2,'Abraham Hartil'),(144,'Tiphanie Gatward'),(204,'Patrizia Batchelder'),(98,'Kendall Logsdail'),(24,'Latrena Renols'),(284,'Audi Rawlingson'),(174,'Maurita Bowes'),(191,'Curry Henric'),(108,'Roobbie Hartegan'),(105,'Arie Songhurst'),(100,'Norbert Maryska'),(66,'Osmond Doodney'),(140,'Darcy Lowen'),(172,'Brett Phetteplace'),(194,'Carrie Kitchin'),(66,'Farah Bayldon'),(76,'Gertie Brownsword'),(14,'Anderson Hallgate'),(48,'Alyce De Dei'),(202,'Karita Korneichuk'),(117,'Barny Goatman'),(22,'Vivyan Pavia'),(109,'Gregor Valois'),(136,'Darrel Heeran'),(276,'Sara-ann Daveridge'),(116,'Monroe Sedgeworth'),(177,'Pierre Flemming'),(244,'Bart Shortcliffe'),(89,'Elane Larciere'),(288,'Dynah Bucher'),(268,'Clerissa Shyram'),(72,'Ford Wardlow'),(100,'Gordie Cosbee'),(122,'Louis Culley'),(200,'Arnie Krauze'),(274,'Rosina Duffan'),(233,'Bonnibelle Mathon'),(234,'Winona Glassford'),(185,'Rogers Dibdale'),(290,'Rutherford Reubbens'),(184,'Maddi Scanes'),(249,'Drucill Borge'),(170,'Genevieve MacRanald'),(227,'Fawn Bottelstone'),(253,'Basilius Everwin'),(224,'Garrett Oldnall'),(190,'Chadwick Sharvell'),(93,'Leonore Well'),(12,'Lodovico McKearnen'),(251,'Teressa Sancho'),(157,'Bambie Winslade'),(212,'Christopher Dickings'),(227,'Dorelia Whimp'),(150,'Cordell Dionisio'),(27,'Korie Schurig'),(210,'Jacquenette Kees'),(167,'Olag Sheather'),(230,'Katleen Vockins'),(254,'Joella Banasik'),(274,'Noreen Catto'),(40,'Ray Potts'),(169,'Garvy Ervin'),(40,'Morly Matiebe'),(280,'Tamarra Dearden'),(223,'Sondra Sagerson'),(223,'Dora Charrington'),(162,'Lilli Gershom'),(281,'Moria Stedall'),(1,'Laura Sreenan'),(285,'Harli Dmych'),(112,'Violet Lambdean'),(125,'Eveleen Molden'),(92,'Rowe Brettelle'),(63,'Aloin Menear'),(210,'Austin O\'Lennachain'),(234,'Zachariah Knolles-Green'),(73,'Latashia Gooderick'),(164,'Grissel Talton'),(82,'Mariann Lago'),(114,'Karlik Guarnier'),(6,'Rodrick Voak'),(24,'Maressa Bottle'),(274,'Luke Cartmer'),(88,'Joanne Tuther'),(69,'Cordy Shipton'),(195,'Rana Mumbray'),(274,'Tremaine Rosellini'),(44,'Abbot Whitworth'),(50,'Bea Grigolashvill'),(39,'Timothee King'),(280,'Tabatha Fortman'),(184,'Dall Semonin'),(242,'Edik Rousel'),(242,'Broddie Francey'),(156,'Gwyn Muckloe'),(165,'Jillian Stockow'),(143,'Albertina Lorek'),(25,'Dorrie Rumble'),(194,'Rubin Sheere'),(151,'Ilyssa Luscott'),(207,'Ker Poles'),(66,'Jerri Barter'),(271,'Frederica Gasken'),(261,'Rourke McCague'),(139,'Herminia Gonthier'),(180,'Diarmid Killingbeck'),(1,'Dore Batterson'),(192,'Libby Simyson'),(268,'Frances Torald'),(244,'Vivianne Lakin'),(207,'Whitman Arnould'),(158,'Sheryl Elph'),(55,'Mala Benzie'),(161,'Lewes Mantripp'),(55,'Rosie Barts'),(153,'Hollyanne Selvester'),(4,'Liana Siemianowicz'),(222,'Fayette Abramamov'),(219,'Judah Pawelczyk'),(271,'Thorpe Hambleton'),(278,'Cecile East'),(26,'Winfred Pembery'),(124,'Kaja Kearey'),(213,'Candide Rasher'),(63,'Aldous Merrett'),(246,'Adoree Hazart'),(29,'Angil Dottrell'),(216,'Niko Tyrer'),(154,'Hanan Bussen'),(285,'Junie Dugan'),(227,'Genny Walkey'),(70,'Lucias Coysh'),(148,'Melodie Francesco'),(292,'Ashlin Deare'),(32,'Marty Cratere'),(81,'Thane Farris'),(283,'Bev Mattioni'),(215,'Archy Lamplough'),(240,'Maury Guinery'),(75,'Marvin Cossor'),(168,'Sherill Sugars'),(29,'Joice Olyfat'),(178,'Aveline Sandells'),(40,'Minne Longhirst'),(58,'Mildrid Laughlin'),(178,'Francklin Sleigh'),(260,'Raimondo Arrighini'),(230,'Moina Micah'),(291,'Lorita Inchley'),(210,'Salim Mariet'),(160,'Ebony Leeming'),(62,'Kettie Ramstead'),(241,'Etienne Smallsman'),(34,'Anallese Caen'),(97,'Wade Garton'),(152,'Albertina Bachellier'),(263,'Lee Mehew'),(109,'Hanna Mughal'),(47,'Berkly Dugall'),(126,'Kiah Manby'),(264,'Geneva Revance'),(288,'Immanuel Heinle'),(105,'Dottie Vogeler'),(71,'Aron Rummery'),(230,'Davie Ziehm'),(285,'Marget Killock'),(42,'Cristabel Osler'),(272,'Lucilia Enga'),(82,'Kort Coorington'),(19,'Burl Shirtcliffe'),(247,'Franchot De Carlo'),(228,'Maurise Bigglestone'),(288,'Nichole Petrina'),(45,'Eirena Wattinham'),(70,'Constancy Lofty'),(200,'Eli Tothe'),(218,'Arlene Ledgeway'),(213,'Blinni Sedgemond'),(106,'Zeke Lundbeck'),(102,'Domingo Macourek'),(106,'Cindi Moogan'),(59,'Basilius Kenneway'),(285,'Leonhard Kenzie'),(251,'Marys Mordue'),(280,'Wes Brosetti'),(134,'Amerigo Sneddon'),(121,'Jillie Crosfeld'),(227,'Helaine Griffoen'),(20,'Haywood Schindler'),(22,'Eliza Douch'),(65,'Tammara Prest'),(258,'Julie Ruffey'),(31,'Isac Bristowe'),(237,'Doy Riply'),(149,'Sarine Marsham'),(47,'Lonna Iacobacci'),(163,'Doralin Greatorex'),(51,'Joelie Northley'),(179,'Ludovika Crosthwaite'),(90,'Manda Zannutti'),(73,'Lillis Livoir'),(87,'Ilise Buckney'),(203,'Carmencita Kalewe'),(281,'Kristofor Petrasso'),(238,'Marilee Slowley'),(207,'Theodosia Laxon'),(136,'Rita Allchin'),(125,'Hubey Schorah'),(13,'Shelbi Etheridge'),(287,'Torrence Lygo'),(26,'Ody Beardshaw'),(136,'Bartholomew Warrack'),(275,'Shelly Butts'),(112,'Hastings Tunnick'),(7,'Vernon Mattiato'),(190,'Orly Di Bartolomeo'),(144,'Cortie Skett'),(143,'Dyanne Shearmur'),(24,'Marlow Chalke'),(76,'Emanuele Panter'),(301,'Patrick Star');
/*!40000 ALTER TABLE `dependents` ENABLE KEYS */;
UNLOCK TABLES;

--
-- Table structure for table `items`
--

DROP TABLE IF EXISTS `items`;
/*!40101 SET @saved_cs_client     = @@character_set_client */;
/*!50503 SET character_set_client = utf8mb4 */;
CREATE TABLE `items` (
  `item_id` int NOT NULL,
  `name` varchar(128) DEFAULT NULL,
  `type` varchar(16) DEFAULT NULL,
  `value` int DEFAULT NULL,
  PRIMARY KEY (`item_id`)
) ENGINE=InnoDB DEFAULT CHARSET=utf8mb4 COLLATE=utf8mb4_0900_ai_ci;
/*!40101 SET character_set_client = @saved_cs_client */;

--
-- Dumping data for table `items`
--

LOCK TABLES `items` WRITE;
/*!40000 ALTER TABLE `items` DISABLE KEYS */;
INSERT INTO `items` VALUES (1,'4194 Hoffman Lane','house',936390),(2,'0191 Loomis Junction','house',695942),(3,'465 Rieder Plaza','house',86775),(4,'3 Coolidge Parkway','house',95697),(5,'974 Beilfuss Junction','house',178672),(6,'6319 Laurel Point','house',73966),(7,'06 Moose Street','house',132014),(8,'81552 Granby Drive','house',510227),(9,'620 Algoma Drive','house',651984),(10,'7 Melvin Place','house',267788),(11,'6 Grasskamp Avenue','house',73574),(12,'620 Bluestem Drive','house',531392),(13,'2 Lakewood Gardens Circle','house',647787),(14,'76785 Talmadge Junction','house',695368),(15,'005 Florence Road','house',906976),(16,'73 Lukken Point','house',832813),(17,'172 Utah Street','house',823928),(18,'18737 Sachtjen Place','house',891631),(19,'0 Blue Bill Park Pass','house',137401),(20,'541 Corben Pass','house',763244),(21,'74 5th Alley','house',266450),(22,'7505 Onsgard Junction','house',721429),(23,'844 Sauthoff Circle','house',766731),(24,'6582 Macpherson Lane','house',619837),(25,'82 Rowland Drive','house',138344),(26,'009 Scoville Plaza','house',236224),(27,'3868 Jay Hill','house',741781),(28,'31 Sullivan Court','house',338083),(29,'82 Waubesa Place','house',89295),(30,'787 Brown Center','house',508665),(31,'89396 Beilfuss Park','house',269657),(32,'737 Esch Center','house',929088),(33,'9 Jackson Pass','house',504043),(34,'387 Rutledge Terrace','house',295130),(35,'95529 Haas Hill','house',613106),(36,'5 Golden Leaf Court','house',462122),(37,'955 Manley Place','house',921680),(38,'5 Hoard Road','house',334207),(39,'2 Crest Line Avenue','house',732482),(40,'7738 Arrowood Park','house',185448),(41,'440 Hazelcrest Point','house',605451),(42,'08 Oak Valley Alley','house',278644),(43,'48 Steensland Place','house',407471),(44,'008 Kim Way','house',700048),(45,'39179 Texas Hill','house',185260),(46,'6 Canary Avenue','house',101519),(47,'8926 Eagle Crest Drive','house',236806),(48,'962 Jenna Lane','house',213182),(49,'646 Fair Oaks Court','house',687615),(50,'6 Mayer Park','house',986877),(51,'339 Green Ridge Trail','house',704542),(52,'9141 Mosinee Pass','house',871870),(53,'17 Daystar Drive','house',102372),(54,'313 Elmside Terrace','house',961886),(55,'07 Eggendart Lane','house',419322),(56,'28401 Red Cloud Way','house',430394),(57,'72 Birchwood Lane','house',836479),(58,'4 Blaine Circle','house',642546),(59,'82197 Memorial Terrace','house',852751),(60,'9 Twin Pines Terrace','house',294004),(61,'07591 Dayton Point','house',724645),(62,'50 Haas Junction','house',951763),(63,'1 Sycamore Park','house',447703),(64,'05 Hoffman Alley','house',750663),(65,'05919 Westridge Point','house',837064),(66,'80 Fremont Court','house',927035),(67,'28 Sauthoff Hill','house',60718),(68,'03140 Miller Street','house',781575),(69,'89 Forest Terrace','house',148057),(70,'489 Westend Pass','house',707213),(71,'38448 Brickson Park Road','house',784810),(72,'7350 Weeping Birch Place','house',922711),(73,'1686 Golf Plaza','house',435119),(74,'284 Village Parkway','house',955155),(75,'6 Brentwood Court','house',425729),(76,'709 Upham Trail','house',339504),(77,'95 Bonner Point','house',678879),(78,'7745 Kipling Pass','house',311922),(79,'3 Golden Leaf Point','house',635258),(80,'7 Waywood Street','house',608523),(81,'3317 Swallow Parkway','house',674479),(82,'837 Blaine Road','house',849226),(83,'91 Onsgard Pass','house',369952),(84,'10 Blaine Terrace','house',459658),(85,'466 Oak Valley Point','house',516899),(86,'4032 Logan Place','house',824997),(87,'6399 Rigney Trail','house',497238),(88,'845 Cody Place','house',598529),(89,'4386 Fallview Way','house',918777),(90,'0 1st Alley','house',109368),(91,'6242 Debs Terrace','house',249003),(92,'463 Redwing Alley','house',206342),(93,'60644 Kensington Street','house',976372),(94,'82448 Memorial Street','house',485544),(95,'2 Acker Park','house',859830),(96,'4 Buena Vista Court','house',327091),(97,'918 Dwight Court','house',490389),(98,'393 Ronald Regan Plaza','house',953127),(99,'90438 Paget Parkway','house',65808),(100,'5 Fordem Court','house',191983),(101,'289 Ohio Park','house',617306),(102,'6 Glendale Crossing','house',125130),(103,'1245 Stang Crossing','house',972750),(104,'2 Kedzie Drive','house',84133),(105,'8557 Laurel Trail','house',181204),(106,'9 Portage Avenue','house',245140),(107,'44 Algoma Alley','house',120128),(108,'2 Kensington Lane','house',815748),(109,'0762 Arizona Park','house',870415),(110,'52556 Longview Center','house',930212),(111,'188 Toban Place','house',586433),(112,'40 Bluejay Terrace','house',767659),(113,'443 Meadow Valley Plaza','house',924875),(114,'54473 Bartillon Way','house',327391),(115,'77 Lerdahl Drive','house',385535),(116,'924 East Pass','house',65848),(117,'44 3rd Court','house',88217),(118,'3669 Acker Court','house',992701),(119,'52 Ilene Point','house',455332),(120,'5 Marquette Avenue','house',71375),(121,'8 Shelley Place','house',227592),(122,'9 Butternut Crossing','house',531191),(123,'27 Merrick Avenue','house',230577),(124,'38 Golf View Alley','house',277731),(125,'5 Merry Crossing','house',980284),(126,'2019 Lexus RX','car',24217),(127,'2018 Jeep Wrangler','car',25189),(128,'2007 Mercedes-Benz C-Class','car',4075),(129,'2011 Hyundai Sonata','car',54612),(130,'2007 Mercedes-Benz C-Class','car',7332),(131,'2016 Tesla Model S','car',12726),(132,'2017 Cadillac Escalade','car',10109),(133,'2017 BMW 3 Series','car',4611),(134,'2007 Mercedes-Benz C-Class','car',5475),(135,'2005 Mazda3','car',17682),(136,'2017 BMW 3 Series','car',12711),(137,'2006 Nissan Altima','car',41544),(138,'2019 Lexus RX','car',47178),(139,'2018 Jeep Wrangler','car',28113),(140,'2014 Porsche 911','car',6831),(141,'2019 Lexus RX','car',58591),(142,'2008 Toyota Camry','car',9590),(143,'2012 Kia Optima','car',10277),(144,'2005 Mazda3','car',12792),(145,'2016 Tesla Model S','car',21282),(146,'2018 Jeep Wrangler','car',50388),(147,'2007 Mercedes-Benz C-Class','car',23618),(148,'2014 Volkswagen Jetta','car',47075),(149,'2019 Lexus RX','car',26335),(150,'2017 BMW 3 Series','car',52922),(151,'2013 Subaru Outback','car',29916),(152,'2015 Honda Civic','car',59860),(153,'2010 Ford Mustang','car',39907),(154,'2009 GMC Sierra','car',25958),(155,'2008 Dodge Ram','car',21013),(156,'2006 Nissan Altima','car',40237),(157,'2014 Porsche 911','car',28395),(158,'2018 Jeep Wrangler','car',45886),(159,'2012 Kia Optima','car',15340),(160,'2017 BMW 3 Series','car',43830),(161,'2012 Kia Optima','car',42992),(162,'2016 Tesla Model S','car',29471),(163,'2008 Toyota Camry','car',35660),(164,'2019 Lexus RX','car',41578),(165,'2012 Kia Optima','car',55063),(166,'2013 Subaru Outback','car',51264),(167,'2008 Toyota Camry','car',58324),(168,'2012 Chevrolet Silverado','car',51516),(169,'2015 Honda Civic','car',46987),(170,'2019 Lexus RX','car',58209),(171,'2012 Kia Optima','car',18167),(172,'2014 Volkswagen Jetta','car',15222),(173,'2014 Porsche 911','car',34633),(174,'2012 Kia Optima','car',46648),(175,'2005 Mazda3','car',32752),(176,'2008 Toyota Camry','car',16648),(177,'2012 Chevrolet Silverado','car',44127),(178,'2017 Cadillac Escalade','car',17206),(179,'2013 Subaru Outback','car',6777),(180,'2012 Chevrolet Silverado','car',31967),(181,'2019 Lexus RX','car',39530),(182,'2009 GMC Sierra','car',16487),(183,'2013 Subaru Outback','car',10037),(184,'2008 Dodge Ram','car',39622),(185,'2014 Porsche 911','car',5080),(186,'2016 Tesla Model S','car',58813),(187,'2005 Mazda3','car',22014),(188,'2019 Lexus RX','car',17477),(189,'2013 Subaru Outback','car',19676),(190,'2017 BMW 3 Series','car',21436),(191,'2013 Subaru Outback','car',55340),(192,'2016 Tesla Model S','car',58911),(193,'2011 Hyundai Sonata','car',20699),(194,'2016 Audi A4','car',22110),(195,'2015 Honda Civic','car',2925),(196,'2008 Toyota Camry','car',7888),(197,'2014 Volkswagen Jetta','car',19968),(198,'2010 Ford Mustang','car',58300),(199,'2008 Toyota Camry','car',29233),(200,'2007 Mercedes-Benz C-Class','car',48932),(201,'2005 Mazda3','car',23538),(202,'2012 Kia Optima','car',46688),(203,'2010 Ford Mustang','car',10512),(204,'2008 Dodge Ram','car',32286),(205,'2014 Porsche 911','car',17761),(206,'2006 Nissan Altima','car',55983),(207,'2007 Mercedes-Benz C-Class','car',33161),(208,'2006 Nissan Altima','car',40527),(209,'2015 Honda Civic','car',27230),(210,'2016 Audi A4','car',13256),(211,'2007 Mercedes-Benz C-Class','car',25128),(212,'2018 Jeep Wrangler','car',33130),(213,'2018 Jeep Wrangler','car',25071),(214,'2018 Jeep Wrangler','car',39894),(215,'2016 Audi A4','car',18699),(216,'2012 Chevrolet Silverado','car',7318),(217,'2017 BMW 3 Series','car',20674),(218,'2017 Cadillac Escalade','car',3898),(219,'2008 Toyota Camry','car',5915),(220,'2016 Tesla Model S','car',31206),(221,'2012 Kia Optima','car',24553),(222,'2008 Dodge Ram','car',55472),(223,'2014 Porsche 911','car',16249),(224,'2008 Dodge Ram','car',54159),(225,'2016 Audi A4','car',34240),(226,'2019 Lexus RX','car',2929),(227,'2014 Porsche 911','car',29618),(228,'2017 BMW 3 Series','car',51813),(229,'2018 Jeep Wrangler','car',16277),(230,'2010 Ford Mustang','car',31224),(231,'2013 Subaru Outback','car',22645),(232,'2019 Lexus RX','car',35118),(233,'2008 Toyota Camry','car',45083),(234,'2006 Nissan Altima','car',47561),(235,'2013 Subaru Outback','car',49608),(236,'2017 Cadillac Escalade','car',48415),(237,'2017 Cadillac Escalade','car',56679),(238,'2016 Audi A4','car',7195),(239,'2016 Audi A4','car',29309),(240,'2014 Volkswagen Jetta','car',16718),(241,'2007 Mercedes-Benz C-Class','car',30187),(242,'2008 Dodge Ram','car',14329),(243,'2007 Mercedes-Benz C-Class','car',23044),(244,'2005 Mazda3','car',39243),(245,'2017 BMW 3 Series','car',10474),(246,'2014 Porsche 911','car',16043),(247,'2011 Hyundai Sonata','car',23289),(248,'2008 Dodge Ram','car',10350),(249,'2018 Jeep Wrangler','car',18182),(250,'2017 Cadillac Escalade','car',35887),(251,'Belucie Luxury Timeless Golden Age Emulsion','drug',453),(252,'First Degree','drug',283),(253,'Valeriana e rad. 3','drug',9),(254,'Mary Kay Suncare Sunscreen SPF 30','drug',90),(255,'DAYTIME','drug',82),(256,'Lipitor','drug',134),(257,'Butalbital, Acetaminophen, and Caffeine','drug',90),(258,'LIPITOR','drug',391),(259,'Rabbitbush','drug',252),(260,'Metoprolol Tartrate','drug',139),(261,'Lovastatin','drug',37),(262,'equate daytime nitetime','drug',275),(263,'Amoxicillin','drug',43),(264,'Verapamil Hydrochloride','drug',376),(265,'Kadian','drug',72),(266,'VITALUMIERE','drug',468),(267,'Severe Daytime','drug',158),(268,'Neutrogena OIl Free Moisture','drug',175),(269,'SEPHORA Flawless Moisturizing SPF 15 Sunscreen','drug',342),(270,'POVIDONE-IODINE','drug',462),(271,'Tranexamic Acid','drug',357),(272,'LAURA GELLER BEAUTY TUSCAN SUN SPACKLE SPF 30 PROTECTIVE UNDER MAKE-UP PRIMER DEEP','drug',352),(273,'Omeprazole','drug',339),(274,'Phenylephrine HCl','drug',135),(275,'ADSOL Red Cell Preservation Solution System in Plastic Container (PL 146 Plastic)','drug',170),(276,'Caffeine Withdrawal','drug',438),(277,'Softlips Pure Lip Gloss','drug',475),(278,'Sodium Chloride','drug',299),(279,'More Than Moisture SPF 30','drug',426),(280,'Primidone','drug',396),(281,'TRI-LINYAH','drug',122),(282,'Birch','drug',87),(283,'Sanitex MVP Foam Anti-Bacterial','drug',25),(284,'Nadolol','drug',191),(285,'06 Balancing Foundation','drug',271),(286,'PMS','drug',175),(287,'Dexamethasone Sodium Phosphate','drug',444),(288,'Phentermine Hydrochloride','drug',64),(289,'Clear Proof Clarifying Cleansing Gel','drug',141),(290,'Tizanidine','drug',198),(291,'Brotapp PE-DM Cough and Cold Liquid','drug',240),(292,'Primidone','drug',402),(293,'Quetiapine Fumarate','drug',323),(294,'Dover Coldonyl','drug',34),(295,'Carbidopa and levodopa','drug',79),(296,'Sumadan','drug',227),(297,'Mycophenolate Mofetil','drug',32),(298,'Doxycycline Hyclate','drug',329),(299,'Quetiapine fumarate','drug',427),(300,'gas relief','drug',232),(301,'Amitriptyline Hydrochloride','drug',464),(302,'Gelato APF','drug',194),(303,'Childrens Pain Relief','drug',474),(304,'Plavix','drug',143),(305,'NYSTATIN','drug',438),(306,'Glipizide','drug',224),(307,'Buspirone HCl','drug',410),(308,'Pegasys','drug',164),(309,'Therapeutic T Plus','drug',418),(310,'Ibuprofen','drug',164),(311,'pain relief','drug',51),(312,'KALI BICHROMICUM','drug',40),(313,'Relpax','drug',66),(314,'Articaine Hydrochloride and Epinephrine Bitartrate','drug',423),(315,'Rifamate','drug',454),(316,'SudoGest','drug',193),(317,'ESIKA Extreme Moisturizing SPF 16','drug',34),(318,'Lamotrigine','drug',290),(319,'AHC Revitalizing Special Gen Mask','drug',272),(320,'Anticavity','drug',360),(321,'Sore Throat','drug',31),(322,'ONDANSETRON','drug',396),(323,'Trazodone Hydrochloride','drug',389),(324,'Outdoor Hands','drug',475),(325,'Amlodipine besylate','drug',401),(326,'Methylphenidate Hydrochloride','drug',30),(327,'DR. RECKEWEG R46 Manurheumin','drug',427),(328,'Cyproheptadine Hydrochloride','drug',337),(329,'DARAPRIM','drug',178),(330,'TOPCARE','drug',282),(331,'GOLDKIWI SUN','drug',5),(332,'Groundsel','drug',142),(333,'Fusarium compactum','drug',243),(334,'Sweet Pea Blossom Hand Sanitizer','drug',224),(335,'Quinidine Sulfate','drug',426),(336,'day time','drug',435),(337,'Cephalexin','drug',474),(338,'Topiramate','drug',191),(339,'equaline lansoprazole','drug',488),(340,'Health Mart Nicotine','drug',289),(341,'ERGOCALCIFEROL','drug',463),(342,'SUPRAX','drug',73),(343,'ERYTHROMYCIN ETHYLSUCCINATE AND SULFISOXAZOLE ACETYL','drug',343),(344,'MINERALIZE','drug',373),(345,'Detox','drug',201),(346,'No7 Stay Perfect Foundation Sunscreen SPF 15 Almond','drug',363),(347,'Lidocaine Hydrochloride and Epinephrine','drug',25),(348,'UREA','drug',46),(349,'Walgreens Chap Aid Moisturizer','drug',141),(350,'ATORVASTATIN CALCIUM','drug',480),(351,'SaniFoam','drug',234),(352,'Orphenadrine Citrate','drug',415),(353,'Rite Aid RENEWAL','drug',431),(354,'Relief OTC antacid','drug',228),(355,'Oxycodone Hydrochloride','drug',27),(356,'Quadramet','drug',145),(357,'Veregen','drug',130),(358,'Bisacodyl','drug',402),(359,'Nitrofurantion Macrocrystals','drug',162),(360,'Hydroxyzine Pamoate','drug',453),(361,'Far Away Dreams','drug',250),(362,'risedronate sodium','drug',294),(363,'Burweed Marsh Elder','drug',208),(364,'Diathesis','drug',449),(365,'Antiseptic Cleansing Wipes','drug',137),(366,'Zolpidem Tartrate','drug',164),(367,'Benztropine Mesylate','drug',495),(368,'Zylast XP Antiseptic Foaming','drug',163),(369,'Carbamazepine','drug',249),(370,'Expression','drug',199),(371,'Xenazine','drug',69),(372,'Piperacillin, Tazobactam','drug',228),(373,'BENZONATATE','drug',453),(374,'OASIS Tears Multidose','drug',299),(375,'Ready Foundation','drug',145),(376,'Blakeley Slowgrove','person',1415625),(377,'Claresta Bridges','person',1026040),(378,'Lacey Pledger','person',6818453),(379,'Thibaut Coleyshaw','person',5090507),(380,'Alberta Petto','person',4399467),(381,'Piotr Bussell','person',3036310),(382,'Malia Bucktharp','person',2975858),(383,'Wakefield Kores','person',1945153),(384,'Zia Cloake','person',1912943),(385,'Susannah Gooble','person',5108630),(386,'Carolynn Doiley','person',4069742),(387,'Trixie Jewes','person',1876402),(388,'Lucilia Biford','person',3702260),(389,'Marieann Scourgie','person',9736250),(390,'Bartholomew Callaway','person',1018179),(391,'Kizzie MacNelly','person',274029),(392,'Riley Burgne','person',6851589),(393,'Tiebold Tasseler','person',6668983),(394,'Paule Roelofs','person',1223891),(395,'Janot Blofeld','person',4136178),(396,'Trista Kingham','person',340309),(397,'Verne Coping','person',2945469),(398,'Janean Crosby','person',377724),(399,'Lucinda Galbraeth','person',7172378),(400,'Rubi Chilver','person',1735287),(401,'Tisha Critcher','person',4626848),(402,'Harman Baldassi','person',1381454),(403,'Luigi McSpirron','person',5659077),(404,'Susana Davson','person',8901662),(405,'Mordecai Walklott','person',8548094),(406,'Lek Anderson','person',1194548),(407,'Joane Goodacre','person',4328258),(408,'Mahmoud Vasilmanov','person',847167),(409,'Delphine Rouge','person',1132995),(410,'Sibyl Irving','person',9934528),(411,'Adrian Snazle','person',5537394),(412,'Jemimah Wreath','person',388413),(413,'Esma Woodcraft','person',7945454),(414,'Westbrooke Collibear','person',1078149),(415,'Lebbie Kneel','person',2168110),(416,'Yuma Perrot','person',4848655),(417,'Phaedra Baumert','person',6745943),(418,'Shelby Liley','person',6561386),(419,'Gaspard Condit','person',7521891),(420,'Brien Figin','person',4631339),(421,'Boycey Semper','person',557165),(422,'Niki Ortiger','person',5058321),(423,'Letizia Daville','person',1556663),(424,'Billy Trimmell','person',3852984),(425,'Gerda Eby','person',6698080),(426,'Prudy Horrigan','person',3651320),(427,'Heriberto Bradie','person',7097421),(428,'Siegfried Dyter','person',3780450),(429,'Raven Korous','person',7784100),(430,'Roobbie Tineman','person',2773668),(431,'Marybelle Barr','person',7421169),(432,'Rinaldo Grahame','person',6416766),(433,'Fraze Hairs','person',9160355),(434,'Ogdon Antecki','person',8096787),(435,'Meris Tremblett','person',2714881),(436,'Sandi Crawshaw','person',8262262),(437,'Demetre Goody','person',7203885),(438,'Saundra Tollett','person',4309010),(439,'Felice Mabbe','person',6715692),(440,'Byrom Whinray','person',2002832),(441,'Jeff Karsh','person',9291768),(442,'Victor Ricciardello','person',886976),(443,'Wallache Waldocke','person',7653611),(444,'Danice Benham','person',1469154),(445,'Travis Flounders','person',7312648),(446,'Una Curedell','person',7466917),(447,'Mile Roskelly','person',9595687),(448,'Malynda Tregenna','person',7238124),(449,'Any Heers','person',9274132),(450,'Leoline Foulks','person',9443178),(451,'Brannon Bragg','person',5266467),(452,'Lidia Howsan','person',8918399),(453,'Don Rosas','person',8943969),(454,'Janelle Mosedale','person',5071934),(455,'Caroline Manderson','person',8022821),(456,'Britt Rarity','person',3857588),(457,'Burnard Spatoni','person',993248),(458,'Kenyon Yakunin','person',6180289),(459,'Bernelle Hattrick','person',9714940),(460,'Benjamin Markwelley','person',8573985),(461,'Jacquetta Slott','person',8344044),(462,'Llywellyn Hayhoe','person',9063977),(463,'Corrianne Carnoghan','person',8111892),(464,'Oren Taillard','person',523457),(465,'Fredric Dullaghan','person',7150683),(466,'Hailey Jerams','person',4752875),(467,'Laurent Shearsby','person',5116382),(468,'Pacorro Paten','person',3871283),(469,'Penrod Doogan','person',8347878),(470,'Selena Climpson','person',7778336),(471,'Dun Gutteridge','person',1930017),(472,'Phaidra Tofanelli','person',4211237),(473,'Ilsa Rivenzon','person',931428),(474,'Sadie Agate','person',2585298),(475,'Bertie Tant','person',4634160),(476,'Byrom Downage','person',8940040),(477,'Melania Dzeniskevich','person',3871452),(478,'Lia Boon','person',1495592),(479,'Bartolomeo Farenden','person',830339),(480,'Wilhelmine Satcher','person',6843790),(481,'Olympie Roisen','person',235872),(482,'Shaylyn Jaume','person',1845130),(483,'Bertie Allden','person',8701534),(484,'Harv Dysert','person',6532946),(485,'Miguelita Hum','person',2754637),(486,'Ingemar Matic','person',6945426),(487,'Ediva Mayne','person',6130679),(488,'Niels Buyers','person',9786845),(489,'Belle Keys','person',4410676),(490,'Brandais MacInherney','person',1539897),(491,'Gwendolin Scroyton','person',6186409),(492,'Nicolai Madle','person',3464198),(493,'Saunders Halt','person',1437004),(494,'Malva MacGaughey','person',1621449),(495,'Bevan Blaszczynski','person',3149332),(496,'Cathleen Dolligon','person',5205721),(497,'Marysa Poulsen','person',8982683),(498,'Paulo Spur','person',1892534),(499,'Lyman Coniam','person',2763603),(500,'Adorne O\'Cahey','person',6536691),(501,'UFO','car',99999);
/*!40000 ALTER TABLE `items` ENABLE KEYS */;
UNLOCK TABLES;

--
-- Table structure for table `policies`
--

DROP TABLE IF EXISTS `policies`;
/*!40101 SET @saved_cs_client     = @@character_set_client */;
/*!50503 SET character_set_client = utf8mb4 */;
CREATE TABLE `policies` (
  `policy_id` int NOT NULL,
  `cust_id` int DEFAULT NULL,
  `type` varchar(45) DEFAULT NULL,
  `cost` double DEFAULT NULL,
  `canceled` tinyint DEFAULT NULL,
  PRIMARY KEY (`policy_id`),
  KEY `cust_id_fk_idx` (`cust_id`),
  CONSTRAINT `cust_id_fk` FOREIGN KEY (`cust_id`) REFERENCES `customers` (`cust_id`)
) ENGINE=InnoDB DEFAULT CHARSET=utf8mb4 COLLATE=utf8mb4_0900_ai_ci;
/*!40101 SET character_set_client = @saved_cs_client */;

--
-- Dumping data for table `policies`
--

LOCK TABLES `policies` WRITE;
/*!40000 ALTER TABLE `policies` DISABLE KEYS */;
INSERT INTO `policies` VALUES (1,66,'automobile',1989.33,0),(2,42,'property',681.12,0),(3,178,'home',903.22,0),(4,54,'property',623.18,0),(5,99,'property',2136.45,0),(6,55,'health',2057.58,0),(7,171,'property',963.06,0),(8,5,'home',1190.95,0),(9,153,'automobile',549.45,0),(10,30,'property',1904.86,0),(11,67,'health',2145.78,0),(12,95,'home',1530.67,0),(13,27,'life',2120.71,0),(14,165,'property',1171.45,0),(15,173,'life',624.26,0),(16,130,'health',716.51,0),(17,180,'life',2232.32,0),(18,83,'home',2037.02,0),(19,161,'automobile',1500.75,0),(20,3,'home',1293.35,0),(21,92,'property',1280.61,0),(22,90,'health',1856.94,0),(23,21,'liability',2156.39,0),(24,193,'liability',1976.16,0),(25,104,'liability',1806.24,1),(26,63,'health',1604.06,0),(27,106,'home',2273.77,0),(28,8,'liability',2040.17,0),(29,133,'health',1448.72,0),(30,114,'automobile',1050.08,0),(31,134,'life',782.63,0),(32,172,'home',2117.54,0),(33,191,'home',865.7,0),(34,22,'automobile',1596.26,0),(35,15,'home',791.9,0),(36,112,'liability',500.22,0),(37,14,'life',709.93,0),(38,144,'liability',1708.78,0),(39,20,'life',1288.19,0),(40,50,'property',1862.54,0),(41,170,'liability',1889.13,0),(42,88,'automobile',757.06,0),(43,168,'health',1082.42,0),(44,125,'property',1410.58,0),(45,142,'liability',1148.07,0),(46,75,'automobile',1455.34,0),(47,79,'liability',1173.67,1),(48,38,'property',1747.33,0),(49,74,'health',1456.89,0),(50,132,'life',2083.55,0),(51,189,'automobile',1436.84,0),(52,25,'property',659.44,0),(53,85,'life',2052.26,0),(54,159,'home',1109.07,0),(55,81,'life',1830.53,0),(56,194,'liability',853.21,0),(57,151,'home',951.7,0),(58,10,'life',1645.78,0),(59,64,'life',2137.24,0),(60,91,'home',2246.41,0),(61,117,'liability',1471.64,0),(62,188,'property',2211.45,0),(63,51,'life',982.2,0),(64,87,'property',1741.09,0),(65,156,'property',1222.44,0),(66,107,'property',1846.2,0),(67,80,'home',1297.34,0),(68,128,'liability',1831.55,0),(69,4,'life',1969.85,0),(70,70,'liability',1102.83,0),(71,139,'liability',1753.11,0),(72,60,'life',1009.55,0),(73,69,'automobile',1246.16,0),(74,121,'property',1900.27,0),(75,122,'home',945.88,0),(76,115,'liability',765.03,0),(77,185,'liability',858.19,0),(78,37,'life',813.88,0),(79,78,'life',1869.49,0),(80,96,'home',630.05,0),(81,9,'health',1936.37,0),(82,169,'property',598.06,0),(83,176,'liability',1552.8,0),(84,17,'life',806.36,0),(85,145,'home',1153.31,0),(86,141,'property',1533.02,0),(87,136,'health',1344.87,0),(88,43,'life',1052.62,0),(89,190,'automobile',655.31,0),(90,163,'automobile',1598.67,0),(91,45,'property',1181.05,0),(92,116,'automobile',1031.21,0),(93,138,'health',1994.37,0),(94,110,'health',520.14,0),(95,28,'life',2239.63,0),(96,200,'property',684.18,0),(97,31,'liability',1583.09,0),(98,76,'property',505.14,0),(99,56,'automobile',876.71,0),(100,12,'liability',1129.88,0),(101,162,'liability',910.03,0),(102,147,'life',961.19,0),(103,150,'home',2268.7,0),(104,126,'life',2213.52,0),(105,29,'home',1291.75,0),(106,13,'life',1166.95,0),(107,61,'health',1979.74,0),(108,47,'home',1192.76,0),(109,149,'home',1794.91,0),(110,35,'liability',2128.28,0),(111,58,'automobile',649.46,0),(112,120,'home',1807.61,0),(113,39,'automobile',1389.28,0),(114,24,'liability',695.12,0),(115,2,'property',708.46,0),(116,129,'home',1997.51,0),(117,73,'life',2119.33,0),(118,7,'life',1382.83,0),(119,40,'life',2247.34,1),(120,33,'liability',1235.43,0),(121,65,'life',1538.94,0),(122,135,'liability',1859.98,0),(123,182,'property',817.33,0),(124,57,'life',2184.52,0),(125,179,'health',1827.27,1),(126,184,'life',1814.74,0),(127,46,'life',1000.05,0),(128,198,'property',1783.14,0),(129,199,'health',759.88,0),(130,36,'home',570.79,0),(131,77,'home',1329.49,0),(132,18,'health',799.09,0),(133,71,'liability',1749.5,0),(134,48,'liability',1160.09,0),(135,41,'health',1213.36,0),(136,148,'automobile',1547.17,0),(137,68,'health',2200.35,0),(138,84,'property',1777.41,0),(139,166,'automobile',947.71,0),(140,108,'home',2264.22,0),(141,143,'liability',1174.39,0),(142,94,'liability',1041.22,0),(143,86,'liability',2217.89,0),(144,187,'property',1333.34,0),(145,105,'life',1410.94,0),(146,181,'property',764.1,0),(147,6,'health',1359.73,0),(148,34,'health',1455.11,0),(149,174,'home',1125.19,0),(150,62,'liability',1887.39,0),(151,59,'life',1439.29,0),(152,157,'health',825.29,0),(153,155,'home',2045.93,0),(154,123,'liability',927.1,0),(155,167,'home',644.12,0),(156,89,'liability',1235.06,0),(157,1,'health',872.57,0),(158,127,'automobile',2153.75,0),(159,111,'automobile',1870.68,0),(160,103,'health',509.17,0),(161,101,'property',1486.26,0),(162,158,'health',1057.75,0),(163,175,'liability',571.16,0),(164,53,'home',1031.4,0),(165,160,'home',1747.93,0),(166,11,'liability',1892.14,0),(167,192,'automobile',1696.45,0),(168,140,'home',1231.06,0),(169,152,'liability',1856.69,0),(170,98,'home',1735.26,0),(171,195,'life',560.97,0),(172,177,'automobile',765.14,0),(173,82,'health',1561.83,0),(174,119,'liability',1184.16,0),(175,23,'health',565.2,0),(176,146,'home',607.44,0),(177,113,'liability',935.9,0),(178,124,'liability',1776.45,0),(179,100,'property',525.61,0),(180,186,'automobile',1654.17,0),(181,32,'health',1090.1,0),(182,183,'home',1015.42,0),(183,52,'liability',1029.66,0),(184,164,'home',1277.49,0),(185,197,'home',2097.17,0),(186,19,'property',618.99,0),(187,196,'liability',906.84,0),(188,154,'automobile',713.06,0),(189,72,'health',1714.02,0),(190,109,'automobile',1676.19,0),(191,44,'health',1566.35,0),(192,131,'automobile',839.64,0),(193,97,'home',1832.6,0),(194,26,'liability',584.12,0),(195,16,'health',1428.11,0),(196,93,'health',1493.45,0),(197,102,'automobile',2191.91,0),(198,137,'automobile',2246.02,0),(199,49,'life',1625.13,0),(200,118,'home',1376.94,0),(201,200,'home',1284.65,0),(202,56,'automobile',1496.31,1),(203,69,'automobile',591.45,0),(204,34,'property',585.67,0),(205,120,'liability',608.99,0),(206,114,'liability',1130.53,0),(207,194,'liability',1275.38,0),(208,53,'property',1195.73,0),(209,71,'property',1453.45,0),(210,134,'life',774.75,0),(211,41,'life',613.95,0),(212,80,'health',1686.39,0),(213,49,'home',2115.66,0),(214,96,'liability',1575,0),(215,115,'home',1280.39,0),(216,52,'home',659.15,0),(217,158,'automobile',2042.36,0),(218,170,'property',1103.49,0),(219,182,'life',825.58,0),(220,131,'life',1123.76,0),(221,94,'home',1321.15,0),(222,7,'health',1067.35,0),(223,2,'property',1423.79,0),(224,149,'life',748.09,0),(225,114,'property',1829,0),(226,71,'home',1467.26,0),(227,114,'automobile',999.68,0),(228,155,'home',1867.89,0),(229,181,'automobile',2056.97,0),(230,148,'property',1551.47,0),(231,167,'life',1893.23,0),(232,60,'health',1773.57,0),(233,127,'life',2105.98,0),(234,56,'health',960.47,0),(235,98,'liability',1151.99,0),(236,128,'home',874.41,0),(237,12,'home',647.05,0),(238,54,'home',1111.8,0),(239,146,'automobile',1567.23,0),(240,159,'liability',949.43,0),(241,35,'home',673.48,0),(242,191,'automobile',1317.64,0),(243,56,'health',1054.62,0),(244,170,'life',993.31,0),(245,193,'home',844.23,0),(246,91,'property',2114.15,1),(247,182,'health',1683.74,0),(248,4,'home',2258.08,0),(249,110,'liability',1044.86,0),(250,4,'automobile',957.54,0),(251,154,'life',1813.85,0),(252,56,'liability',820.05,0),(253,177,'life',1015.66,0),(254,137,'automobile',1482.7,0),(255,60,'health',1425.19,0),(256,130,'health',1697.04,0),(257,29,'life',515.36,0),(258,60,'property',928.13,0),(259,174,'life',2080.84,0),(260,117,'property',2206.42,0),(261,5,'automobile',1495.69,0),(262,195,'liability',633.2,0),(263,68,'home',1441.22,0),(264,73,'liability',1094.35,0),(265,169,'automobile',1988.93,0),(266,65,'home',1313.26,0),(267,167,'liability',1467.87,0),(268,195,'health',924.13,0),(269,195,'liability',1835.29,0),(270,30,'health',1214.78,0),(271,35,'liability',2016.08,0),(272,137,'home',1636.09,0),(273,73,'automobile',2169.39,0),(274,200,'home',1823.1,0),(275,100,'liability',2022.25,0),(276,73,'home',744.87,0),(277,58,'property',1177.85,1),(278,174,'property',2250.47,0),(279,178,'automobile',1773.32,0),(280,148,'life',2141.4,0),(281,28,'health',906.58,0),(282,68,'health',1285.9,0),(283,20,'home',1833.33,0),(284,58,'life',2117.57,0),(285,69,'property',1001.39,0),(286,153,'property',2168.02,0),(287,60,'home',1056.71,0),(288,80,'life',1457.32,0),(289,190,'life',1291.97,0),(290,108,'liability',980.56,0),(291,146,'liability',2120.98,0),(292,180,'life',1920.23,0),(293,35,'health',2037.91,0),(294,190,'life',1324.49,0),(295,46,'life',2050.05,0),(296,106,'automobile',1662.66,0),(297,60,'liability',516.21,0),(298,51,'liability',2176.51,0),(299,88,'property',1527.96,0),(300,8,'property',771.47,0),(301,16,'automobile',700,0);
/*!40000 ALTER TABLE `policies` ENABLE KEYS */;
UNLOCK TABLES;

--
-- Table structure for table `policy_payments`
--

DROP TABLE IF EXISTS `policy_payments`;
/*!40101 SET @saved_cs_client     = @@character_set_client */;
/*!50503 SET character_set_client = utf8mb4 */;
CREATE TABLE `policy_payments` (
  `policy_id` int NOT NULL,
  `year` int DEFAULT NULL,
  `amt` int DEFAULT NULL,
  PRIMARY KEY (`policy_id`),
  CONSTRAINT `policy_pay_id_fk` FOREIGN KEY (`policy_id`) REFERENCES `policies` (`policy_id`)
) ENGINE=InnoDB DEFAULT CHARSET=utf8mb4 COLLATE=utf8mb4_0900_ai_ci;
/*!40101 SET character_set_client = @saved_cs_client */;

--
-- Dumping data for table `policy_payments`
--

LOCK TABLES `policy_payments` WRITE;
/*!40000 ALTER TABLE `policy_payments` DISABLE KEYS */;
INSERT INTO `policy_payments` VALUES (96,2023,100),(301,2023,20000);
/*!40000 ALTER TABLE `policy_payments` ENABLE KEYS */;
UNLOCK TABLES;
/*!40103 SET TIME_ZONE=@OLD_TIME_ZONE */;

/*!40101 SET SQL_MODE=@OLD_SQL_MODE */;
/*!40014 SET FOREIGN_KEY_CHECKS=@OLD_FOREIGN_KEY_CHECKS */;
/*!40014 SET UNIQUE_CHECKS=@OLD_UNIQUE_CHECKS */;
/*!40101 SET CHARACTER_SET_CLIENT=@OLD_CHARACTER_SET_CLIENT */;
/*!40101 SET CHARACTER_SET_RESULTS=@OLD_CHARACTER_SET_RESULTS */;
/*!40101 SET COLLATION_CONNECTION=@OLD_COLLATION_CONNECTION */;
/*!40111 SET SQL_NOTES=@OLD_SQL_NOTES */;

-- Dump completed on 2023-09-12  0:08:36
